pearson_corr,pearson_p,spearman_corr,spearman_p,n_models
0.8488539251485072,0.0001232789418927037,0.8241758241758241,0.00028870384974594366,14
